0,127,1,254,anonymous.png,542,739
1,93,4,356,anonymous.png,542,739
2,58,23,453,anonymous.png,542,739
3,136,49,538,anonymous.png,542,739
4,150,86,583,anonymous.png,542,739
5,149,125,624,anonymous.png,542,739
6,176,164,664,anonymous.png,542,739
7,148,202,706,anonymous.png,542,739
8,152,269,729,anonymous.png,542,739
9,377,333,707,anonymous.png,542,739
10,400,378,662,anonymous.png,542,739
11,378,410,624,anonymous.png,542,739
12,379,446,583,anonymous.png,542,739
13,365,484,531,anonymous.png,542,739
14,288,518,452,anonymous.png,542,739
15,323,537,357,anonymous.png,542,739
16,356,538,255,anonymous.png,542,739
17,70,28,168,anonymous.png,542,739
18,63,66,140,anonymous.png,542,739
19,105,118,139,anonymous.png,542,739
20,66,163,159,anonymous.png,542,739
21,55,203,187,anonymous.png,542,739
22,285,300,186,anonymous.png,542,739
23,296,343,157,anonymous.png,542,739
24,334,397,129,anonymous.png,542,739
25,293,459,130,anonymous.png,542,739
26,300,500,158,anonymous.png,542,739
27,168,250,254,anonymous.png,542,739
28,6,254,308,anonymous.png,542,739
29,195,256,368,anonymous.png,542,739
30,4,259,430,anonymous.png,542,739
31,64,190,446,anonymous.png,542,739
32,60,222,452,anonymous.png,542,739
33,94,259,463,anonymous.png,542,739
34,290,299,452,anonymous.png,542,739
35,439,332,446,anonymous.png,542,739
36,33,67,272,anonymous.png,542,739
37,160,101,248,anonymous.png,542,739
38,158,156,250,anonymous.png,542,739
39,173,191,273,anonymous.png,542,739
40,153,153,286,anonymous.png,542,739
41,144,97,292,anonymous.png,542,739
42,398,324,269,anonymous.png,542,739
43,385,371,241,anonymous.png,542,739
44,387,427,241,anonymous.png,542,739
45,466,458,265,anonymous.png,542,739
46,373,421,284,anonymous.png,542,739
47,380,372,284,anonymous.png,542,739
48,61,126,520,anonymous.png,542,739
49,40,164,512,anonymous.png,542,739
50,39,204,507,anonymous.png,542,739
51,0,262,508,anonymous.png,542,739
52,269,319,507,anonymous.png,542,739
53,270,360,515,anonymous.png,542,739
54,291,398,526,anonymous.png,542,739
55,321,369,557,anonymous.png,542,739
56,405,331,573,anonymous.png,542,739
57,17,266,582,anonymous.png,542,739
58,181,196,574,anonymous.png,542,739
59,91,154,554,anonymous.png,542,739
60,78,191,534,anonymous.png,542,739
61,81,232,530,anonymous.png,542,739
62,13,264,530,anonymous.png,542,739
63,311,298,529,anonymous.png,542,739
64,306,338,531,anonymous.png,542,739
65,402,298,541,anonymous.png,542,739
66,14,264,542,anonymous.png,542,739
67,178,232,542,anonymous.png,542,739
68,162,10,174,anonymous.png,542,739
69,54,42,77,anonymous.png,542,739
70,67,140,17,anonymous.png,542,739
71,10,256,4,anonymous.png,542,739
72,297,388,10,anonymous.png,542,739
73,284,501,68,anonymous.png,542,739
74,389,534,167,anonymous.png,542,739
